{
    "x": 0.0679450737039459,
    "y": 1.0848242898181808,
    "z": 1.4851553803789868,
    "qx": 0.36512020510753584,
    "qy": 0.3229798356741884,
    "qz": -0.6559747809075968,
    "qw": 0.5762537187587908
}