{
    "x": -0.6302110289681868,
    "y": -0.03157469140735451,
    "z": 0.4952474501080141,
    "qx": -0.017019998129392762,
    "qy": 0.34437073806050467,
    "qz": 0.01987369810818208,
    "qw": 0.9384690461356964,
    "_samples": 20,
    "_std_mm": 0.0
}