{
    "x": -0.6398123149634052,
    "y": 0.08020014416709367,
    "z": 0.4678564595465517,
    "qx": -0.017019998129392762,
    "qy": 0.34437073806050467,
    "qz": 0.01987369810818208,
    "qw": 0.9384690461356964,
    "_samples": 20,
    "_std_mm": 0.0,
    "_consistency_correction_mm": 17.26
}