{
    "x": 0.06794507370394595,
    "y": 1.08482428981818,
    "z": 1.4851553803789872,
    "qx": 0.36512020510753573,
    "qy": 0.32297983567418853,
    "qz": -0.6559747809075968,
    "qw": 0.5762537187587908,
    "_samples": 20,
    "_std_mm": 0.0
}