{
    "x": -0.6250760005545438,
    "y": -0.04177307591958017,
    "z": 0.5026725446098513,
    "qx": -0.01701999812939277,
    "qy": 0.34437073806050467,
    "qz": 0.019873698108182083,
    "qw": 0.9384690461356963
}