{
    "x": -0.6250760005545436,
    "y": -0.041773075919580155,
    "z": 0.5026725446098512,
    "qx": -0.017019998129392762,
    "qy": 0.34437073806050467,
    "qz": 0.01987369810818208,
    "qw": 0.9384690461356964,
    "_samples": 20,
    "_std_mm": 0.0
}