{
    "intrinsics": {
        "fx": 1222.692155827943,
        "fy": 1232.5963178364848,
        "cx": 930.0363429045095,
        "cy": 1694.1900328413024,
        "width": 1920,
        "height": 1080
    },
    "extrinsics": {
        "translation": [
            0.059400609816449235,
            0.9834593942820441,
            1.3145200634318404
        ],
        "basis": [
            [
                -0.06973490652192883,
                0.9963624388438188,
                -0.04897890641463474
            ],
            [
                0.08762280844988973,
                -0.04279077041254676,
                -0.9952342404714849
            ],
            [
                -0.9937098601964908,
                -0.07369423606155646,
                -0.08432006475075678
            ]
        ]
    }
}