{
    "projection_matrix": [
        [
            -357.9216593360846,
            0.036497095383381306,
            -169.47025952202785,
            285.53439066049145
        ],
        [
            -27.42660553198907,
            348.44018786215787,
            -376.383513036009,
            191.0975773506761
        ],
        [
            -0.022995059369416843,
            -0.004432889648536353,
            -0.31333352677145404,
            0.4803074915078732
        ]
    ],
    "intrinsics": {
        "fx": 1096.5983193490554,
        "fy": 1125.7840006838303,
        "cx": 621.2221898905163,
        "cy": 1185.2933482583312,
        "width": 1280,
        "height": 800,
        "cx_offset_from_centre_px": -18.777810109483653,
        "cy_offset_from_centre_px": 785.2933482583312
    },
    "extrinsics": {
        "translation": [
            0.08222949605140402,
            1.0906753731587568,
            1.5114302662481964
        ],
        "basis": [
            [
                -0.07318432231984799,
                0.9973183153091695,
                0.0004826131601793352
            ],
            [
                -0.014108162089734522,
                -0.0005514099346029544,
                -0.9999003228870023
            ],
            [
                -0.9972186393810686,
                -0.0731838363025729,
                0.014110683009827108
            ]
        ]
    },
    "reprojection": {
        "rms_px": 2.136,
        "max_px": 6.449,
        "n_corners": 72,
        "n_charuco": 72,
        "n_probe": 0
    }
}