{
    "projection_matrix": [
        [
            -334.02750617598184,
            57.16325967206157,
            -244.50501327638867,
            247.54724920531945
        ],
        [
            1.0878635014007778,
            366.4240286166095,
            -477.416185167444,
            205.99713326015709
        ],
        [
            -0.02698306802887702,
            0.03828585615357615,
            -0.44074027163840274,
            0.47705409523133974
        ]
    ],
    "intrinsics": {
        "fx": 722.5582337796415,
        "fy": 733.9616593966444,
        "cx": 605.5858099848547,
        "cy": 1142.3810116873437,
        "width": 1280,
        "height": 800,
        "cx_offset_from_centre_px": -34.41419001514532,
        "cy_offset_from_centre_px": 742.3810116873437
    },
    "extrinsics": {
        "translation": [
            0.05350653460364557,
            0.951316987152371,
            1.1617552174011383
        ],
        "basis": [
            [
                -0.06087933026079171,
                0.9933126622579832,
                -0.09810026577412603
            ],
            [
                0.08638073619339007,
                -0.09267077061060533,
                -0.9919427890201749
            ],
            [
                -0.9944003597956322,
                -0.0688627858309063,
                -0.0801613445865358
            ]
        ]
    },
    "reprojection": {
        "rms_px": 5.064,
        "max_px": 14.49,
        "n_corners": 103,
        "n_charuco": 103,
        "n_probe": 0
    }
}