{
    "projection_matrix": [
        [
            -339.06505591521795,
            61.66025792749054,
            -216.43624741303603,
            245.44901604515024
        ],
        [
            3.242325994900194,
            366.10941880731235,
            -481.90762542001676,
            208.44640285203576
        ],
        [
            -0.029334930918987628,
            0.037526306128502156,
            -0.4004323484817294,
            0.48355472524788345
        ]
    ],
    "intrinsics": {
        "fx": 805.1875039999989,
        "fy": 798.7973744543959,
        "cx": 608.3603079466674,
        "cy": 1270.579233448244,
        "width": 1280,
        "height": 800,
        "cx_offset_from_centre_px": -31.639692053332624,
        "cy_offset_from_centre_px": 870.5792334482439
    },
    "extrinsics": {
        "translation": [
            0.09822785017957235,
            1.1519324679740603,
            1.3083383259806864
        ],
        "basis": [
            [
                -0.07274530990863073,
                0.9893880271150943,
                -0.12577540175883728
            ],
            [
                0.09305843523487133,
                -0.11882601303280033,
                -0.9885446404985283
            ],
            [
                -0.9929996211066405,
                -0.08361644831029609,
                -0.0834268665001692
            ]
        ]
    },
    "reprojection": {
        "rms_px": 3.03,
        "max_px": 6.064,
        "n_corners": 69,
        "n_charuco": 69,
        "n_probe": 0
    }
}