{
    "intrinsics": {
        "fx": 1466.8761224656582,
        "fy": 1498.4465941410494,
        "cx": 924.6521991393907,
        "cy": 1609.2693832627992,
        "width": 1920,
        "height": 1080
    },
    "extrinsics": {
        "translation": [
            0.07126791151947635,
            0.9862939237970008,
            1.3497782685556883
        ],
        "basis": [
            [
                -0.06977693046826136,
                0.997555196715386,
                0.003848308791404616
            ],
            [
                -0.00887396173660307,
                0.0032368527632233458,
                -0.9999553867984737
            ],
            [
                -0.9975231489933064,
                -0.06980796724096605,
                0.008626408995606457
            ]
        ]
    },
    "projection_matrix": [
        [
            -583.6380481908172,
            2.0511798586955337,
            -313.2795320641083,
            462.42950291004513
        ],
        [
            -45.096600526123396,
            566.9141816203303,
            -618.1433463718026,
            278.42638367459466
        ],
        [
            -0.02665423766786168,
            -0.0033897834656185727,
            -0.38104598345086715,
            0.5195705024692704
        ]
    ]
}